City,Cloudiness,Country,Date,Humidity,Lat,Lng,Max Temp,Wind Speed
Bluff,100,NZ,1627619807,78,-46.6,168.3333,52.81,2.89
Tacuarembó,0,UY,1627620158,78,-31.7333,-55.9833,36.7,3.49
Vasyurinskaya,0,RU,1627620160,47,45.1181,39.424,74.88,3.91
Spring Hill,1,US,1627620161,93,28.4769,-82.5255,78.94,3.44
Bethel,72,US,1627619761,93,41.3712,-73.414,71.1,7.18
Thompson,75,CA,1627619764,72,55.7435,-97.8558,64.56,3.44
Atbasar,8,KZ,1627620163,35,51.8,68.3333,68.2,1.79
Sistranda,100,NO,1627620163,77,63.7256,8.834,53.91,11.12
Kapaa,75,US,1627619719,72,22.0752,-159.319,84.18,1.01
Punta Arenas,75,CL,1627619678,93,-53.15,-70.9167,35.71,14.97
Wagar,96,SD,1627620165,72,16.1525,36.2032,81.43,22.19
Cidreira,8,BR,1627619787,79,-30.1811,-50.2056,42.57,9.01
Soyo,30,AO,1627619949,84,-6.1349,12.3689,71.94,8.21
Santa Elena,100,EC,1627620167,85,-2.2333,-80.85,69.46,7.78
Skellefteå,90,SE,1627620169,94,64.7507,20.9528,62.96,9.22
Upernavik,98,GL,1627619931,90,72.7868,-56.1549,43.48,5.77
Bambous Virieux,75,MU,1627620170,68,-20.3428,57.7575,73.22,17.27
Tasiilaq,27,GL,1627619744,76,65.6145,-37.6368,46.56,5.26
Banjar,38,ID,1627620172,60,-8.19,114.9675,84.06,1.12
Bredasdorp,30,ZA,1627619400,87,-34.5322,20.0403,47.52,5.75
Rikitea,1,PF,1627619659,75,-23.1203,-134.9692,71.51,6.4
Albany,89,US,1627619722,95,42.6001,-73.9662,67.53,6.24
Teya,55,RU,1627619767,46,60.3778,92.6267,71.89,3.6
Chui,6,UY,1627619701,87,-33.6971,-53.4616,39.56,5.48
Omboué,20,GA,1627620173,84,-1.5746,9.2618,73.18,5.44
Todos Santos,13,MX,1627620175,88,23.45,-110.2167,85.1,4.76
North Augusta,1,US,1627620176,86,33.5018,-81.9651,84.51,4.61
Ushuaia,20,AR,1627619450,49,-54.8,-68.3,42.46,6.91
Pauini,31,BR,1627620177,52,-7.7136,-66.9764,63.91,3.24
Chokurdakh,88,RU,1627619692,37,70.6333,147.9167,55.49,3.44
Betioky,3,MG,1627620179,64,-23.7167,44.3833,66.76,3.74
Dali,100,CN,1627620180,79,25.7,100.1833,71.6,4.03
Alta Floresta,0,BR,1627620181,72,-9.8756,-56.0861,62.42,1.14
Faanui,57,PF,1627619768,76,-16.4833,-151.75,78.21,13.49
Provideniya,75,RU,1627619818,76,64.3833,-173.3,51.91,11.18
Qaanaaq,64,GL,1627619973,87,77.484,-69.3632,39.69,7.45
Vaini,75,TO,1627619709,88,-21.2,-175.2,75.36,5.75
Nanortalik,100,GL,1627619750,77,60.1432,-45.2371,46.63,19.24
East London,0,ZA,1627619789,71,-33.0153,27.9116,54.54,9.22
Kaitangata,95,NZ,1627619807,88,-46.2817,169.8464,49.24,8.21
Mataura,100,NZ,1627619765,87,-46.1927,168.8643,52.48,3.49
City of San Pedro,75,PH,1627619396,68,14.35,121.0167,89.1,16.11
Grand-Santi,100,GF,1627620184,100,4.25,-54.3833,72.0,1.74
Sipe Sipe,26,BO,1627620186,75,-17.45,-66.3833,53.76,3.67
Agirish,64,RU,1627620187,47,61.9247,63.0231,59.11,4.52
San Mateo del Mar,100,MX,1627620189,86,16.2,-95.0,76.59,7.78
Suicheng,2,CN,1627620190,71,33.8963,117.9331,84.6,11.03
Pevek,100,RU,1627619896,98,69.7008,170.3133,32.05,24.94
Atuona,99,PF,1627619711,78,-9.8,-139.0333,77.61,13.94
New Norfolk,97,AU,1627619510,53,-42.7826,147.0587,59.92,3.0
Esperance,98,AU,1627619963,66,-33.8667,121.9,57.04,24.9
Clyde River,40,CA,1627619934,100,70.4692,-68.5914,35.83,12.66
Lagoa,0,PT,1627619784,90,39.05,-27.9833,69.44,6.98
Pindi Gheb,75,PK,1627620192,56,33.2402,72.2661,90.77,12.3
Port Alfred,14,ZA,1627619729,78,-33.5906,26.891,54.99,6.08
Bogovarovo,76,RU,1627620193,80,58.9785,47.0246,67.1,9.46
Camacupa,3,AO,1627620194,42,-12.0167,17.4833,48.2,5.21
Lebu,2,CL,1627619665,85,-37.6167,-73.65,48.13,7.11
Gribanovskiy,81,RU,1627620197,66,51.4579,41.9764,74.64,8.7
San Jose,20,US,1627620198,63,37.3394,-121.895,77.72,6.91
Portland,40,US,1627620199,41,45.5234,-122.6762,89.58,12.66
Port Lincoln,2,AU,1627620200,57,-34.7333,135.8667,65.23,19.6
Yerofey Pavlovich,1,RU,1627620201,35,53.9667,121.9667,73.71,9.64
Urucará,51,BR,1627620202,91,-2.5364,-57.76,72.91,2.53
Puerto del Rosario,15,ES,1627620204,78,28.5004,-13.8627,69.55,10.36
Barrow,90,US,1627619671,87,71.2906,-156.7887,50.02,8.05
Biltine,52,TD,1627620206,82,14.5333,20.9167,76.82,9.35
Cape Town,0,ZA,1627619526,94,-33.9258,18.4232,52.12,1.01
Nuuk,37,GL,1627620208,81,64.1835,-51.7216,48.81,13.8
Los Llanos de Aridane,90,ES,1627619859,88,28.6585,-17.9182,67.75,11.5
Bilibino,63,RU,1627620210,50,68.0546,166.4372,42.82,11.14
Henties Bay,0,NA,1627620212,36,-22.116,14.2845,65.32,9.26
Castro,2,BR,1627619683,69,-24.7911,-50.0119,31.59,3.13
Butaritari,10,KI,1627619885,72,3.0707,172.7902,83.55,10.18
Yellowknife,75,CA,1627619753,59,62.456,-114.3525,65.28,5.75
Havre-St-Pierre,90,CA,1627620214,88,50.2334,-63.5986,57.56,2.3
Ribeira Grande,10,PT,1627619677,87,38.5167,-28.7,70.14,6.76
George Town,20,MY,1627619524,72,5.4112,100.3354,85.95,4.0
Lata,62,PT,1627619968,95,40.1629,-8.3327,63.01,2.46
Pangody,12,RU,1627620217,47,65.85,74.4859,58.06,19.8
Cherskiy,99,RU,1627619825,63,68.75,161.3,38.57,19.91
Tautira,37,PF,1627620219,77,-17.7333,-149.15,78.01,6.04
Birao,100,CF,1627620220,94,10.2849,22.7882,71.2,4.43
Busselton,97,AU,1627619424,68,-33.65,115.3333,53.04,22.91
Key West,1,US,1627620222,70,24.5557,-81.7826,86.0,9.22
Kodinsk,93,RU,1627620223,55,58.6881,99.1844,74.05,5.44
Hithadhoo,63,MV,1627619749,69,-0.6,73.0833,82.56,3.02
Khūtār,100,IN,1627620224,89,28.2,80.2833,79.61,11.92
Khatanga,4,RU,1627619922,30,71.9667,102.5,89.92,16.13
Hobart,75,AU,1627619701,48,-42.8794,147.3294,60.26,4.0
Port Elizabeth,0,ZA,1627619765,93,-33.918,25.5701,46.69,3.44
La Bañeza,0,ES,1627620225,82,42.3003,-5.8977,55.08,5.28
Puerto Ayora,16,EC,1627619762,91,-0.7393,-90.3518,70.43,5.79
Saint Paul Harbor,90,US,1627619735,62,57.79,-152.4072,56.71,0.0
Hobyo,99,SO,1627620227,74,5.3505,48.5268,77.81,25.01
Reconquista,0,AR,1627620230,58,-29.15,-59.65,39.4,6.38
Wanning,97,CN,1627619716,63,18.8003,110.3967,91.62,14.05
Leningradskiy,100,RU,1627620232,98,69.3833,178.4167,32.63,19.91
Sakaiminato,40,JP,1627620234,66,35.55,133.2333,87.78,8.05
Longyearbyen,75,SJ,1627619755,87,78.2186,15.6401,42.64,2.3
Goundam,51,ML,1627620235,53,16.4145,-3.6708,87.22,7.78
Fairbanks,90,US,1627620236,67,64.8378,-147.7164,69.76,4.61
Port Blair,72,IN,1627620238,76,11.6667,92.75,85.42,17.67
Tura,100,IN,1627619914,89,25.5198,90.2201,77.07,7.56
Gijang,98,KR,1627620014,59,35.2442,129.2139,92.93,16.04
Hermanus,64,ZA,1627619675,79,-34.4187,19.2345,51.91,4.61
Avarua,33,CK,1627620240,73,-21.2078,-159.775,73.45,3.44
Olafsvik,99,IS,1627619958,87,64.8945,-23.7142,52.68,4.12
Port Augusta,66,AU,1627620242,33,-32.5,137.7667,73.54,22.55
Beloha,3,MG,1627620242,69,-25.1667,45.05,67.5,4.7
Bandarbeyla,100,SO,1627619848,59,9.4942,50.8122,80.87,31.0
Russell,1,US,1627620245,93,32.3502,-85.1999,81.63,0.0
Sitka,20,US,1627619890,52,57.0531,-135.33,69.69,6.91
Tupiza,97,BO,1627620246,17,-21.45,-65.7167,42.46,7.27
Passagem Franca,9,BR,1627620248,71,-6.1797,-43.7836,70.86,1.21
Ouadda,87,CF,1627620250,97,8.0777,22.4007,66.49,2.64
Solnechnyy,79,RU,1627619924,66,50.7214,136.6319,70.14,7.34
Lowestoft,100,GB,1627620253,90,52.4752,1.7516,59.02,8.72
Gravelbourg,40,CA,1627620255,46,49.8834,-106.5512,70.07,9.71
Mar del Plata,0,AR,1627619882,68,-38.0023,-57.5575,48.13,1.99
Arrondissement de Saint-Denis,90,FR,1627620109,79,48.9167,2.3333,61.57,3.44
Mayumba,9,GA,1627620257,86,-3.432,10.6554,71.4,5.23
Severo-Kuril'sk,79,RU,1627619869,84,50.6789,156.125,63.03,7.05
Pisco,90,PE,1627619823,82,-13.7,-76.2167,62.65,3.44
Klaksvík,100,FO,1627619893,89,62.2266,-6.589,49.12,16.8
Ponta do Sol,11,PT,1627619725,79,32.6667,-17.1,70.43,6.06
Lüderitz,0,NA,1627619876,38,-26.6481,15.1594,63.37,11.56
Caravelas,100,BR,1627619913,85,-17.7125,-39.2481,67.28,14.52
Coquimbo,90,CL,1627620260,93,-29.9533,-71.3436,49.73,2.3
Burns Lake,74,CA,1627620262,69,54.2331,-125.7533,65.62,3.49
Wad Medani,59,SD,1627620263,76,14.4012,33.5199,78.91,21.27
Riyadh,33,SA,1627620083,11,24.6877,46.7219,91.54,3.62
Ribeira Brava,9,PT,1627620264,81,32.65,-17.0667,70.43,6.17
Kroya,26,ID,1627620266,69,-7.6331,109.2461,83.98,10.65
Ixtapa,22,MX,1627620267,84,20.7,-105.2,76.17,2.3
Matara,23,LK,1627620143,72,5.9485,80.5353,83.97,13.85
Asău,0,RO,1627620269,71,46.4333,26.4,71.96,0.85
Westport,90,US,1627620270,93,41.1415,-73.3579,73.44,4.0
Charters Towers,11,AU,1627620272,25,-20.1,146.2667,86.9,1.97
Vestmanna,82,FO,1627620273,93,62.1564,-7.1664,47.32,17.27
Coyhaique,90,CL,1627619718,100,-45.5752,-72.0662,39.15,5.75
Vao,5,NC,1627620275,74,-22.6667,167.4833,70.79,25.26
Moyale,97,KE,1627620275,69,3.5167,39.0584,63.66,14.38
Bengkulu,22,ID,1627620277,65,-3.8004,102.2655,85.77,11.68
Ucluelet,21,CA,1627620280,90,48.9329,-125.5528,59.09,1.01
Nikolskoye,57,RU,1627619700,67,59.7035,30.7861,67.01,9.04
Eyl,100,SO,1627620285,58,7.9803,49.8164,79.88,24.96
Moose Factory,90,CA,1627620286,81,51.2585,-80.6094,51.8,3.44
Bilma,39,NE,1627619932,32,18.6853,12.9164,90.16,5.55
Jamestown,20,US,1627620288,94,42.097,-79.2353,71.19,4.88
Zhangye,0,CN,1627620289,10,38.9342,100.4517,97.36,4.74
Kahului,40,US,1627619852,80,20.8947,-156.47,80.62,18.41
Sterling,75,US,1627620290,92,39.0062,-77.4286,77.11,0.0
Marrakesh,40,MA,1627620291,61,31.6315,-8.0083,77.07,4.61
Rokytne,47,UA,1627620292,71,51.2796,27.214,68.32,5.37
Isangel,48,VU,1627619964,78,-19.55,169.2667,74.32,7.4
Tuktoyaktuk,90,CA,1627620293,94,69.4541,-133.0374,57.2,3.44
Saldanha,36,ZA,1627619858,82,-33.0117,17.9442,42.85,4.59
Termez,13,UZ,1627620295,23,37.2242,67.2783,87.89,16.11
Chapada dos Guimarães,0,BR,1627620295,27,-15.4606,-55.7497,49.66,2.93
Lapeer,40,US,1627620297,100,43.0514,-83.3188,71.38,0.0
Yomou,68,GN,1627620298,98,7.5603,-9.2653,65.84,1.74
Kirakira,25,SB,1627620300,80,-10.4544,161.9205,82.11,7.85
Barpeta,87,IN,1627620301,77,26.3167,91.0,86.09,9.28
Zhigansk,2,RU,1627620303,33,66.7697,123.3711,71.96,2.91
Miramar,1,US,1627620306,84,25.9873,-80.2323,82.02,0.0
Norman Wells,75,CA,1627620309,72,65.282,-126.8329,66.24,2.3
Tiarei,55,PF,1627619747,75,-17.5333,-149.3333,78.01,1.9
Saint-François,0,FR,1627620109,92,46.4154,3.9054,61.18,1.14
Gobabis,0,NA,1627620020,41,-22.45,18.9667,44.26,10.92
Williston,96,US,1627620313,73,48.147,-103.618,70.21,5.97
Tessalit,44,ML,1627620314,37,20.1986,1.0114,85.8,7.74
Belmonte,93,BR,1627620316,90,-15.8631,-38.8828,70.3,16.08
Rincon,1,US,1627620318,93,32.296,-81.2354,81.86,4.61
San Patricio,79,US,1627620320,75,28.017,-97.5169,82.89,7.0
Paita,97,PE,1627620233,83,-5.0892,-81.1144,66.99,11.34
Ayan,100,RU,1627620321,74,56.45,138.1667,55.65,20.8
Chicamán,99,GT,1627620324,98,15.4,-90.7667,58.77,2.91
Harpanahalli,100,IN,1627620326,66,14.8,75.9833,78.48,20.42
Mossamedes,2,AO,1627620326,81,-15.1961,12.1522,62.92,2.55
Mahébourg,75,MU,1627619904,68,-20.4081,57.7,72.25,17.27
Lafiagi,100,NG,1627620328,87,8.8667,5.4167,73.47,3.53
Shimoda,56,JP,1627620330,71,34.6667,138.95,88.16,4.18
Telimele,90,GN,1627620330,99,10.9167,-13.3333,67.75,1.1
Turukhansk,100,RU,1627620332,57,65.8167,87.9833,68.77,11.18
Hilo,75,US,1627619790,79,19.7297,-155.09,80.33,8.05
Juneau,1,US,1627620334,57,58.3019,-134.4197,69.8,4.61
Ürümqi,0,CN,1627620335,30,43.801,87.6005,83.35,6.71
Cabedelo,86,BR,1627620336,83,-6.9811,-34.8339,74.07,8.68
Tiznit Province,46,MA,1627620337,37,29.5833,-9.5,82.42,7.61
Mina,81,MX,1627620339,38,26.0011,-100.5299,76.06,5.44
Kumul,1,CN,1627620341,12,42.8,93.45,102.0,3.0
Camaná,68,PE,1627620342,85,-16.6228,-72.7111,59.68,4.83
Salalah,90,OM,1627620315,89,17.0151,54.0924,78.89,10.36
Ostrovnoy,11,RU,1627620344,77,68.0531,39.5131,47.32,4.97
Maragogi,55,BR,1627620346,86,-9.0122,-35.2225,72.77,3.2
Souillac,75,MU,1627620348,68,-20.5167,57.5167,73.36,17.27
Linxia Chengguanzhen,0,CN,1627620351,22,35.6003,103.2064,85.53,2.71
Qasigiannguit,82,GL,1627619835,83,68.8193,-51.1922,43.05,2.19
Trudovoye,90,RU,1627620353,74,43.3058,132.0817,83.93,6.71
Havelock,4,US,1627620353,86,34.8791,-76.9013,82.38,1.99
Dunedin,84,NZ,1627620328,81,-45.8742,170.5036,48.79,18.99
Nome,90,US,1627620355,93,64.5011,-165.4064,49.15,8.05
Saint Anthony,90,US,1627620356,73,45.0205,-93.218,71.74,1.99
Pierre,75,US,1627620357,58,44.3683,-100.351,75.06,3.0
Kemin,55,KG,1627620358,27,42.7846,75.6892,74.71,7.56
Waingapu,13,ID,1627620358,54,-9.6567,120.2641,86.52,15.97
Zhalantun,13,CN,1627620359,69,48.0,122.7167,81.97,7.63
College,75,US,1627620359,67,64.8569,-147.8028,69.75,4.61
Killarney,100,IE,1627620360,96,52.05,-9.5167,56.1,7.38
Vila,0,PT,1627620362,91,42.0304,-8.1588,50.32,2.26
Muros,77,ES,1627619830,92,42.7762,-9.0603,64.83,0.89
Necochea,0,AR,1627620363,63,-38.5473,-58.7368,41.04,11.86
Hong Kong,100,HK,1627620300,79,22.2855,114.1577,89.96,1.99
Ryl'sk,43,RU,1627620365,86,51.5655,34.6822,69.21,9.1
Kenai,90,US,1627620366,82,60.5544,-151.2583,57.02,10.36
Haines Junction,23,CA,1627620368,45,60.7522,-137.5108,64.35,8.05
Beringovskiy,100,RU,1627620369,92,63.05,179.3167,40.93,6.85
Acaraú,48,BR,1627620371,89,-2.8856,-40.12,76.6,7.34
Lodwar,93,KE,1627620372,53,3.1191,35.5973,77.59,14.61
Fier,0,AL,1627620374,28,40.7239,19.5561,84.92,3.78
Taree,0,AU,1627620375,30,-31.9,152.4667,69.06,11.5
Lodja,63,CD,1627620376,52,-3.4833,23.4333,70.63,1.03
Tabou,75,CI,1627619957,88,4.423,-7.3528,74.84,4.41
Kapoeta,96,SS,1627620377,57,4.7717,33.5903,76.91,7.96
Poum,2,NC,1627620379,71,-20.2333,164.0167,73.78,17.47
Mudgee,0,AU,1627620380,31,-32.5943,149.5871,59.61,8.05
Zheleznodorozhnyy,99,RU,1627620380,78,55.7503,38.0042,73.15,2.89
Zabid,49,YE,1627620382,55,14.1951,43.3152,89.91,11.65
Kieta,69,PG,1627620383,79,-6.2167,155.6333,82.99,5.3
Sioux Lookout,1,CA,1627620385,76,50.1001,-91.917,61.18,0.0
Saskylakh,17,RU,1627620385,33,71.9167,114.0833,88.34,5.73
Havøysund,98,NO,1627620387,81,70.9963,24.6622,47.28,12.21
Djibo,93,BF,1627620388,68,14.1022,-1.6306,80.6,11.68
Adet,100,ET,1627620390,88,11.2644,37.4888,59.34,2.08
Vardø,100,NO,1627620391,85,70.3705,31.1107,45.36,5.03
Carnarvon,40,AU,1627620393,58,-24.8667,113.6333,71.67,19.57
Soure,8,BR,1627620393,86,-0.7167,-48.5233,77.02,8.5
Berlevåg,100,NO,1627620395,84,70.8578,29.0864,44.6,4.34
Tanete,99,ID,1627619953,58,-3.9443,119.7848,87.94,10.22
Byron Bay,0,AU,1627620396,55,-28.65,153.6167,70.05,4.99
Vaitape,58,PF,1627620397,76,-16.5167,-151.75,78.19,13.8
Fethiye,0,TR,1627620399,25,36.6217,29.1164,80.47,7.2
Panguipulli,10,CL,1627620400,94,-39.6333,-72.3333,42.19,2.33
Manzhouli,100,CN,1627620401,90,49.6,117.4333,66.63,10.27
Saint George,90,US,1627620402,73,37.1041,-113.5841,78.35,10.36
Talnakh,100,RU,1627620403,92,69.4865,88.3972,57.76,2.35
Kruisfontein,30,ZA,1627620404,78,-34.0033,24.7314,48.83,4.92
Rurrenabaque,53,BO,1627620406,56,-14.4413,-67.5278,55.65,2.28
Naryan-Mar,33,RU,1627620408,66,67.6713,53.087,53.06,4.79
Amahai,95,ID,1627620409,82,-3.3333,128.9167,80.92,4.27
Saint-Philippe,91,RE,1627620409,81,-21.3585,55.7679,69.39,15.28
Pandan,100,PH,1627620412,57,14.0453,124.1694,90.91,12.97
Blairmore,36,CA,1627620412,56,49.6,-114.4353,71.29,2.3
Sumbawanga,1,TZ,1627620317,76,-7.9667,31.6167,53.4,6.91
Arraial do Cabo,98,BR,1627620413,56,-22.9661,-42.0278,63.09,20.31
Pokrovskoye,77,RU,1627620415,67,47.4157,38.8971,76.53,6.76
Yeppoon,0,AU,1627620416,52,-23.1333,150.7333,76.78,11.03
Porto Torres,0,IT,1627620417,60,40.835,8.3972,68.18,2.82
Tevaitoa,56,PF,1627620418,77,-16.7833,-151.5,77.83,13.71
Hambantota,0,LK,1627620420,62,6.1241,81.1185,89.94,13.8
Lixouri,0,GR,1627620420,48,38.2019,20.4314,73.26,3.09
Ust-Nera,32,RU,1627620421,41,64.5667,143.2,60.19,4.03
Río Gallegos,0,AR,1627620422,75,-51.6226,-69.2181,35.65,10.36
Muisne,98,EC,1627620424,84,0.6,-80.0333,74.7,8.52
Olinda,40,BR,1627620426,78,-8.0089,-34.8553,73.13,4.61
Catuday,100,PH,1627620427,84,16.2923,119.8062,81.07,21.27
San Jerónimo,77,PE,1627620428,70,-11.9472,-75.2829,48.85,2.75
Benguela,2,AO,1627620429,84,-12.5763,13.4055,68.59,1.88
Buala,9,SB,1627619948,70,-8.145,159.5921,84.45,7.72
Emerald,0,AU,1627620409,31,-23.5333,148.1667,79.34,6.91
Southbridge,100,US,1627620431,96,42.0751,-72.0334,70.68,1.01
Umluj,67,SA,1627620308,47,25.0213,37.2685,87.17,4.79
Acarí,45,PE,1627620432,75,-15.4311,-74.6158,64.06,3.36
Laas,39,IT,1627620434,88,46.6166,10.7002,63.86,2.04
Iqaluit,75,CA,1627620435,87,63.7506,-68.5145,44.33,4.0
Bang Saphan,100,TH,1627620436,75,11.2126,99.5117,84.15,7.63
Taldan,44,RU,1627620437,43,53.6667,124.8,71.55,8.61
Ibiúna,57,BR,1627620438,90,-23.6564,-47.2225,41.16,4.63
Kitgum,100,UG,1627620340,84,3.2783,32.8867,66.97,2.62
Quatre Cocos,92,MU,1627620440,65,-20.2078,57.7625,73.09,20.92
Porto-Vecchio,0,FR,1627620160,94,41.591,9.2795,72.93,3.44
Oussouye,98,SN,1627620442,85,12.485,-16.5469,77.02,3.4
Ayr,90,GB,1627620443,88,55.4627,-4.6339,58.48,3.44
Srednekolymsk,90,RU,1627620445,43,67.45,153.6833,52.52,7.58
Campbell River,20,CA,1627620425,57,50.0163,-125.2446,80.13,2.3
Sabang,98,ID,1627620446,79,5.8933,95.3214,80.87,18.66
Labuhan,22,ID,1627620447,52,-6.8844,112.2051,89.02,4.47
Titiribí,89,CO,1627620447,98,6.0628,-75.7937,66.49,0.92
Warri,83,NG,1627620448,90,5.5167,5.75,73.69,3.31
Mergen,31,CN,1627620163,74,49.1833,125.2167,79.79,3.15
Lorengau,44,PG,1627620451,67,-2.0226,147.2712,85.53,6.02
Maceió,20,BR,1627620451,100,-9.6658,-35.7353,67.44,4.61
Bambanglipuro,62,ID,1627620398,71,-7.95,110.2833,82.96,14.63
Mount Gambier,90,AU,1627620453,54,-37.8333,140.7667,57.11,19.57
Yatou,82,CN,1627620454,74,37.15,122.3833,81.82,20.0
Kitami,5,JP,1627620191,46,43.8031,143.8908,89.06,11.39
Rocha,6,UY,1627620454,83,-34.4833,-54.3333,38.59,4.72
Alice Springs,0,AU,1627620308,13,-23.7,133.8833,87.35,23.02
Katsuura,52,JP,1627620456,73,35.1333,140.3,87.84,6.98
Sackville,100,CA,1627620456,78,45.9188,-64.3846,63.48,10.02
Lunenburg,100,CA,1627620457,82,44.3835,-64.3155,62.65,4.61
Cabo San Lucas,2,MX,1627619874,78,22.8909,-109.9124,85.6,3.0
Houma,100,US,1627620458,94,29.5958,-90.7195,82.0,1.99
Alofi,84,NU,1627620459,88,-19.0595,-169.9187,73.29,5.75
Geraldton,75,AU,1627619908,63,-28.7667,114.6,65.12,24.16
Port-Gentil,86,GA,1627620461,76,-0.7193,8.7815,76.42,11.65
The Valley,100,AI,1627620463,77,18.217,-63.0578,82.26,18.72
Guerrero Negro,46,MX,1627620464,82,27.9769,-114.0611,70.65,15.23
Mount Isa,5,AU,1627620465,12,-20.7333,139.5,91.17,8.05
Baruun-Urt,3,MN,1627620465,38,46.6806,113.2792,80.92,9.01
Kununurra,3,AU,1627620466,19,-15.7667,128.7333,96.78,8.05
Marataizes,74,BR,1627620466,68,-21.0433,-40.8244,57.56,12.93
Udachny,44,RU,1627620469,30,66.4167,112.4,79.83,7.25
Dikson,100,RU,1627619888,98,73.5069,80.5464,39.87,17.38
Taltal,0,CL,1627620471,54,-25.4,-70.4833,61.79,2.8
Aksu,97,CN,1627619890,15,41.1231,80.2644,97.57,13.53
Ilulissat,57,GL,1627620472,75,69.2167,-51.1,42.82,1.14
Fortuna,90,US,1627620474,93,40.5982,-124.1573,55.09,4.61
Fereydūnkenār,100,IR,1627620475,75,36.6864,52.5225,71.91,8.37
Constitución,0,CL,1627620476,75,-35.3333,-72.4167,50.59,4.09
Sebastian,1,US,1627620477,68,35.1668,-94.2669,81.09,2.35
Torbay,1,CA,1627620478,88,47.6666,-52.7314,57.67,16.11
Karachi,75,PK,1627620480,79,24.9056,67.0822,84.02,17.27
Toba Tek Singh,69,PK,1627620480,52,30.9743,72.4827,95.85,6.38
Brae,100,GB,1627620481,95,60.3964,-1.353,53.51,10.16
Xichang,94,CN,1627620483,75,27.8964,102.2634,75.81,4.0
Grindavik,0,IS,1627620483,94,63.8424,-22.4338,57.15,1.14
Meadow Lake,66,US,1627620484,43,34.8014,-106.5436,78.67,9.66
Coari,59,BR,1627620486,69,-4.085,-63.1414,71.85,3.62
Acapulco de Juárez,99,MX,1627620487,93,16.8634,-99.8901,77.86,6.98
Chumikan,100,RU,1627620488,94,54.7183,135.315,51.6,25.19
Gorontalo,46,ID,1627620490,63,0.5412,123.0595,88.7,8.08
Balabac,99,PH,1627620490,66,7.9868,117.0645,87.46,13.51
Ambanja,0,MG,1627620490,62,-13.6833,48.45,64.33,2.71
Calabozo,24,VE,1627620492,94,8.9242,-67.4293,72.14,3.31
Marysville,1,US,1627620493,76,48.0518,-122.1771,75.09,1.01
San Cristobal,67,VE,1627619956,96,7.7669,-72.225,64.08,4.63
Ginda,95,IN,1627620494,79,30.6945,78.4932,72.16,3.67
Price,90,US,1627620495,94,39.5994,-110.8107,63.66,10.36
São Filipe,39,CV,1627619924,80,14.8961,-24.4956,74.26,3.58
Boyolangu,83,ID,1627620496,68,-8.1181,111.8935,82.44,10.16
Caucayá,93,CO,1627620496,99,-0.1934,-74.7819,69.75,1.32
Ninghai,95,CN,1627620498,88,29.2892,121.4247,91.08,4.7
Nizwá,84,OM,1627620498,41,22.9333,57.5333,91.8,6.8
Te Anau,100,NZ,1627620499,87,-45.4167,167.7167,49.93,0.74
Ancud,100,CL,1627620500,89,-41.8697,-73.8203,45.93,12.86
Kaeo,73,NZ,1627620502,85,-35.1,173.7833,61.32,13.13
Tyumentsevo,11,RU,1627620502,33,53.3224,81.498,71.82,10.47
Kudahuvadhoo,87,MV,1627620504,71,2.6708,72.8944,81.95,3.29
Podlesnoye,17,RU,1627620504,63,51.8161,47.009,77.09,4.34
Kavieng,83,PG,1627620506,69,-2.5744,150.7967,84.43,2.84
Xiongzhou,80,CN,1627620487,49,25.1167,114.3,97.07,2.35
Arlit,6,NE,1627619946,45,18.7369,7.3853,89.6,10.4
Piura,98,PE,1627620333,76,-5.2,-80.6333,68.79,11.16
Fort Nelson,20,CA,1627620508,68,58.8053,-122.7002,67.59,2.3
Samarai,54,PG,1627620510,85,-10.6167,150.6667,80.28,15.82
Krasnosel'kup,11,RU,1627620511,49,65.7,82.4667,62.82,12.5
Qingdao,90,CN,1627620512,78,36.0986,120.3719,78.4,6.71
Okhotsk,29,RU,1627619927,46,59.3833,143.3,62.19,8.39
Avera,4,US,1627620513,63,33.194,-82.5271,84.07,6.87
Doha,0,QA,1627620362,41,25.2867,51.5333,100.38,8.05
Tuatapere,100,NZ,1627620514,87,-46.1333,167.6833,52.83,3.96
Viedma,3,AR,1627620514,29,-40.8135,-62.9967,52.11,18.28
Santana,40,BR,1627620516,94,-0.0583,-51.1817,78.98,3.44
Coahuayana Viejo,58,MX,1627620518,87,18.7333,-103.6833,78.66,2.39
Naze,92,JP,1627619931,81,28.3667,129.4833,85.12,0.94
Tucupita,64,VE,1627620519,99,9.0622,-62.051,71.56,3.15
Manadhoo,12,MV,1627620520,73,5.7667,73.3833,82.56,8.7
Usinsk,37,RU,1627620488,61,65.9939,57.5281,54.28,6.85
Ji’an,23,CN,1627620498,51,27.1172,114.9793,95.22,5.14
Makueni Boma,94,KE,1627620521,80,-1.8041,37.6203,60.8,2.71
Huarmey,45,PE,1627620522,85,-10.0681,-78.1522,64.44,6.33
Puerto Carreño,100,CO,1627620524,96,6.189,-67.4859,74.23,3.4
Paamiut,100,GL,1627620526,87,61.994,-49.6678,43.29,5.79
Launceston,90,AU,1627620527,68,-41.45,147.1667,55.62,5.99
Lima,90,PE,1627620252,88,-12.0432,-77.0282,59.25,10.36
Limoeiro do Ajuru,78,BR,1627620528,90,-1.8953,-49.3806,75.42,4.63
Ikom,97,NG,1627620530,94,5.9667,8.7063,72.32,2.06
Conde,20,BR,1627620393,94,-7.2597,-34.9075,72.86,4.61
Khovd,97,MN,1627620532,31,48.0056,91.6419,73.45,6.78
Tiksi,6,RU,1627620532,37,71.6872,128.8694,62.98,2.86
Mpika,1,ZM,1627620534,69,-11.8343,31.4529,51.42,7.9
Dolinsk,39,RU,1627620536,74,47.35,142.8,78.66,8.86
Gamba,92,GA,1627620536,82,-2.65,10.0,73.2,5.91
Terråk,55,NO,1627620538,87,65.087,12.3715,55.27,4.05
Langsa,100,ID,1627620529,58,4.4683,97.9683,88.7,0.65
Greeley,90,US,1627620539,37,40.4233,-104.7091,85.55,8.05
Manuk Mangkaw,55,PH,1627620540,74,4.8,119.85,84.83,13.15
Chapais,100,CA,1627620540,96,49.7834,-74.8492,47.98,9.82
Rio Grande,12,BR,1627620541,78,-32.035,-52.0986,34.95,8.21
Manta,40,EC,1627620543,83,-0.95,-80.7333,73.18,5.75
Estelle,40,US,1627620544,78,29.8458,-90.1067,84.2,3.44
Nouadhibou,75,MR,1627620545,94,20.931,-17.0347,67.98,14.97
Charlestown,0,AU,1627620547,33,-32.95,151.6667,69.12,1.99
Gawler,98,AU,1627620547,50,-34.6,138.7333,68.83,16.11
Amazar,1,RU,1627620549,35,53.858,120.875,74.53,9.04
Pangnirtung,17,CA,1627620550,78,66.1451,-65.7125,49.66,3.47
Aldan,21,RU,1627620552,56,58.6031,125.3894,62.98,12.64
Songyuan,100,CN,1627620553,90,45.1171,124.8568,72.39,1.68
Gallup,75,US,1627620553,67,35.5281,-108.7426,66.04,1.99
Kavaratti,99,IN,1627620554,76,10.5669,72.642,82.38,15.14
Tual,91,ID,1627620554,83,-5.6667,132.75,80.01,19.33
Chara,53,RU,1627620555,40,56.9064,118.2631,68.38,10.09
Newport,88,GB,1627619969,89,51.5877,-2.9984,59.61,20.74
Yar-Sale,93,RU,1627620557,86,66.8333,70.8333,51.4,19.75
Winnemucca,1,US,1627620558,16,40.973,-117.7357,86.05,4.61
Sabha,0,LY,1627620559,35,27.0377,14.4283,77.02,9.73
Alyangula,0,AU,1627620560,74,-13.8483,136.4192,82.27,9.22
Aklavik,98,CA,1627620561,63,68.2191,-135.0107,65.23,2.01
Itoman,20,JP,1627620562,79,26.1247,127.6694,88.18,10.36
Kolosovka,100,RU,1627620563,56,56.4678,73.611,63.72,12.46
Margate,100,GB,1627620564,85,51.3813,1.3862,62.31,4.0
Santa Maria,0,BR,1627620565,76,-29.6842,-53.8069,37.87,2.46
Floriano,14,BR,1627620567,47,-6.7669,-43.0225,75.58,3.94
Almansa,0,ES,1627620569,50,38.8692,-1.0971,69.89,7.54
Russkiy,99,RU,1627620570,86,43.0147,131.8642,84.06,6.2
Palmer,90,US,1627620487,85,42.1584,-72.3287,71.15,6.91
Hargeisa,97,SO,1627620571,65,9.56,44.065,68.07,34.63
Touros,27,BR,1627620572,86,-5.1989,-35.4608,74.3,10.71
Anadyr,75,RU,1627620574,86,64.75,177.4833,41.5,15.01
Bogandé,98,BF,1627620575,75,12.9714,-0.1436,77.32,7.52
Sept-Îles,90,CA,1627620577,94,50.2001,-66.3821,59.52,4.61
Kaniama,0,CD,1627620578,48,-7.5667,24.1833,65.21,5.77
Dhanwār,100,IN,1627620579,94,24.4167,85.9833,75.88,18.19
Poli,90,TZ,1627620580,94,-3.3333,36.8,54.37,13.8
Batemans Bay,0,AU,1627620582,28,-35.7167,150.1833,64.2,6.58
Praia,40,CV,1627620582,78,14.9215,-23.5087,75.74,6.91
Kloulklubed,79,PW,1627620584,69,7.0419,134.2556,86.5,4.21
Vila do Maio,97,CV,1627620584,80,15.1333,-23.2167,75.99,9.19
Itamaracá,100,BR,1627620587,86,-7.7478,-34.8256,74.08,5.7
Nesebar,3,BG,1627620590,42,42.7833,27.7333,74.35,3.62
Savannah Bight,77,HN,1627620592,79,16.45,-85.85,82.0,15.14
Krasnoarmeysk,4,RU,1627620593,56,51.0239,45.6969,77.16,9.15
Goderich,1,CA,1627620595,83,43.7501,-81.7165,68.92,11.5
Nyuksenitsa,34,RU,1627620596,86,60.4128,44.2397,63.46,8.08
Bubaque,100,GW,1627620598,86,11.2833,-15.8333,78.19,13.09
Mwingi,98,KE,1627620599,76,-0.9344,38.0601,63.43,7.94
Hamilton,24,US,1627620601,90,39.1834,-84.5333,79.43,1.01
Tongren,2,CN,1627620602,50,27.7172,109.1853,94.98,1.88
Rawson,34,AR,1627620602,38,-43.3002,-65.1023,53.24,13.02
Qixingtai,0,CN,1627620604,60,30.4135,111.8874,92.52,6.51
Malinovskiy,66,RU,1627620604,43,61.1953,62.8397,59.52,4.61
Leshukonskoye,87,RU,1627620606,59,64.8989,45.7622,57.34,6.31
Roald,75,NO,1627620607,82,62.5833,6.1333,60.91,11.5
Shirokiy,24,RU,1627620608,64,49.758,129.523,82.6,8.46
Vanino,100,RU,1627620448,96,49.0869,140.2543,69.96,3.4
Algiers,40,DZ,1627620609,100,36.7525,3.042,73.22,5.75
Gazli,1,UZ,1627620610,16,40.1333,63.45,88.38,27.02
Jiaocheng,99,CN,1627620611,53,24.6774,116.1389,93.67,3.89
Puerto Madero,100,MX,1627620612,73,14.7208,-92.4215,78.96,7.83
Kars,1,TR,1627620613,63,40.602,43.095,59.85,3.87
Aykhal,55,RU,1627620614,32,66.0,111.5,77.34,7.11
Skibbereen,100,IE,1627620615,89,51.55,-9.2667,57.0,11.01
Mapiripán,54,CO,1627620617,94,2.8892,-72.1256,71.46,3.27
Løten,100,NO,1627620618,90,60.8171,11.3376,56.14,3.69
Uyong,100,PH,1627620620,82,16.05,120.1207,82.92,9.22
Tantoyuca,100,MX,1627620620,91,21.35,-98.2333,73.33,3.29
Kupino,2,RU,1627620622,41,54.3663,77.2981,67.89,10.25
Lavrentiya,85,RU,1627620623,88,65.5833,-171.0,46.24,7.99
Kamenka,56,RU,1627620588,68,51.3223,42.7678,74.8,9.08
Kiunga,83,PG,1627620625,83,-6.1219,141.2906,82.38,2.55
Yerbogachën,4,RU,1627620532,28,61.2767,108.0108,79.18,10.87
Chippewa Falls,1,US,1627620625,88,44.9369,-91.3929,67.96,3.44
Harper,89,LR,1627620496,87,4.375,-7.7169,74.88,4.61
Aranos,0,NA,1627620626,45,-24.1333,19.1167,43.2,10.33
Jánossomorja,0,HU,1627620628,60,47.7862,17.136,68.07,0.69
Mayo,20,US,1627620630,92,38.8876,-76.5119,78.91,1.01
Williams Lake,20,CA,1627620630,25,52.1415,-122.1445,78.37,8.05
Le Moule,55,GP,1627620631,80,16.3332,-61.3473,78.84,16.6
Ténenkou,80,ML,1627620632,70,14.4572,-4.9169,81.25,7.11
Hasaki,16,JP,1627620634,73,35.7333,140.8333,86.4,7.02
Nushki,13,PK,1627620593,8,29.5542,66.0215,97.47,7.23
Huaiyuan,0,CN,1627620634,67,32.973,117.1995,86.97,7.7
Barguzin,28,RU,1627620635,61,53.6167,109.6167,72.55,6.64
Jalu,0,LY,1627620636,45,29.0331,21.5482,79.7,7.23
Airai,4,TL,1627620637,34,-8.9266,125.4092,77.65,3.83
Caucaia,40,BR,1627620638,77,-3.7361,-38.6531,80.55,6.91
Nhulunbuy,40,AU,1627620639,62,-12.2333,136.7667,86.61,13.8
Meulaboh,100,ID,1627620640,67,4.1363,96.1285,84.42,3.51
Eydhafushi,65,MV,1627620640,71,5.1033,73.0708,82.6,8.77
Tutóia,100,BR,1627620640,90,-2.7619,-42.2744,77.97,8.77
Pimentel,78,PE,1627620593,86,-6.8367,-79.9342,64.0,3.0
Nemuro,78,JP,1627620642,94,43.3236,145.575,82.83,10.85
Beruwala,26,LK,1627620642,78,6.4788,79.9828,82.6,12.55
Taoudenni,36,ML,1627620642,34,22.6783,-3.9836,93.69,9.17
Karratha,1,AU,1627620644,49,-20.7377,116.8463,78.17,18.79
Kikwit,7,CD,1627620645,33,-5.041,18.8162,69.35,2.04
Mareeba,3,AU,1627620413,37,-17.0,145.4333,86.32,9.15
Benghazi,0,LY,1627620647,70,32.1167,20.0667,81.5,10.8
Synya,37,RU,1627620648,64,65.3718,58.0387,54.61,4.83
Prigor,0,RO,1627620650,56,44.9383,22.1133,66.83,2.98
Kungurtug,28,RU,1627620651,30,50.5994,97.5228,68.13,2.15
Bathsheba,40,BB,1627620651,74,13.2167,-59.5167,81.21,14.97
Northam,80,GB,1627620652,96,51.0333,-4.2167,60.03,24.92
Siderno,0,IT,1627620653,36,38.2779,16.302,85.01,8.46
Sobolevo,71,RU,1627620655,93,54.4299,31.8996,65.25,5.82
Itacoatiara,73,BR,1627620656,64,-3.1431,-58.4442,73.76,1.54
Leuven,40,BE,1627620658,86,50.8796,4.7009,58.96,6.91
Faya,55,SA,1627620659,46,18.3851,42.4509,69.91,4.59
Lianhe,98,CN,1627620531,37,47.1333,129.2667,91.9,1.41
Hualmay,59,PE,1627620661,86,-11.0964,-77.6139,62.96,7.83
Presidente Médici,2,BR,1627620662,38,-11.1753,-61.9014,60.67,5.01
Saint-Cyr-sur-Loire,0,FR,1627620664,88,47.4,0.6667,57.45,4.61
Katangli,100,RU,1627620665,93,51.7102,143.2326,66.49,4.21
Sayyan,50,YE,1627620665,52,15.1718,44.3244,67.5,3.53
São João da Barra,0,BR,1627620667,66,-21.6403,-41.0511,57.85,16.37
Pochutla,91,MX,1627620668,94,15.7432,-96.4661,74.82,5.12
Burlatskoye,0,RU,1627620669,30,45.0564,43.635,78.15,8.25
Broken Hill,75,AU,1627620670,28,-31.95,141.4333,67.71,17.27
Codrington,46,AU,1627620671,64,-38.2667,141.9667,55.8,23.15
Cayenne,90,GF,1627620672,90,4.9333,-52.3333,76.08,0.0
Ca Mau,100,VN,1627620660,93,9.1769,105.15,77.2,11.83
Arrondissement d'Arcachon,90,FR,1627620673,82,44.5875,-1.0519,65.41,2.3
Kyren,100,RU,1627620675,89,51.6828,102.1408,59.05,1.01
Solec Kujawski,0,PL,1627620675,72,53.0837,18.2257,61.66,6.91
Ntoum,93,GA,1627620676,82,0.3833,9.7833,76.77,5.57
Menongue,0,AO,1627620678,51,-14.6585,17.691,44.35,4.99
Tezu,100,IN,1627620680,99,27.9167,96.1667,77.58,0.54
Saint-Pierre,90,RE,1627620483,78,-21.3393,55.4781,69.48,23.02
Crestview,20,US,1627620680,74,30.7621,-86.5705,82.76,1.01
Lucapa,1,AO,1627620681,35,-8.4192,20.7447,59.95,4.88
Kostanay,0,KZ,1627620683,38,53.1667,63.5833,73.69,13.42
Mil'kovo,97,RU,1627620684,96,54.7167,158.6167,64.8,2.24
Drayton Valley,56,CA,1627620686,92,53.2168,-114.9854,57.56,4.21
Antalaha,96,MG,1627620426,90,-14.9003,50.2788,70.18,9.06
Esso,100,RU,1627620687,93,55.9333,158.7,56.98,6.76
Chetwayi,100,IN,1627620688,72,10.5333,76.05,82.47,10.13
Nantucket,75,US,1627620689,88,41.2835,-70.0995,69.91,20.71
Labytnangi,100,RU,1627620681,90,66.6572,66.4183,50.7,16.71
Tocopilla,44,CL,1627620690,66,-22.092,-70.1979,61.86,4.12
Lompoc,90,US,1627620692,88,34.6391,-120.4579,64.08,6.91
Mae Ramat,83,TH,1627620665,72,16.984,98.5166,75.52,6.6
Bataiporã,57,BR,1627620693,62,-22.2953,-53.2711,38.3,3.85
Bosaso,40,SO,1627620493,43,11.2842,49.1816,89.58,32.21
Murray Bridge,82,AU,1627620695,48,-35.1167,139.2667,68.43,18.61
Murgab,0,TM,1627620695,41,37.4966,61.9714,80.47,11.5
Novy Urengoy,9,RU,1627620557,48,66.0833,76.6333,58.59,15.43
Ascension,1,US,1627620697,89,30.2169,-90.9001,80.08,0.0
Bulgan,23,MN,1627620698,58,48.8125,103.5347,67.39,9.78
Aquiraz,58,BR,1627620665,86,-3.9014,-38.3911,80.69,11.92
Bloemfontein,0,ZA,1627620542,68,-29.1211,26.214,22.48,2.3
Ligayan,82,PH,1627620699,76,4.6533,119.4706,84.45,13.56
Zyryanka,95,RU,1627620699,54,65.75,150.85,51.64,8.41
Vostok,100,RU,1627620702,77,46.4856,135.8833,73.2,3.18
Boldu,0,RO,1627620702,63,45.3333,27.2333,75.76,12.57
Annau,75,TM,1627620703,54,37.8876,58.516,80.1,11.5
Verkhnebakanskiy,0,RU,1627620704,48,44.8492,37.6572,74.25,2.51
Harwich,100,GB,1627620706,88,51.9419,1.2844,61.0,5.99
Boromo,100,BF,1627620707,93,11.75,-2.9333,72.57,5.59
Pareora,86,NZ,1627620709,97,-44.4871,171.2132,47.17,4.45
Cairns,3,AU,1627620594,68,-16.9167,145.7667,91.94,8.05
